"ID","isActive","gameID","state","shortDescription","dateCreated","dateModified","createdBy","modifiedBy"
"1","1","14","MI","Lotto 47","2024-04-14 11:39:23.843000000","2024-04-14 11:39:23.843000000","Lenovo02\pages","Lenovo02\pages"
"2","1","15","MI","Fantasy 5","2024-04-14 11:39:23.843000000","2024-04-14 11:39:23.843000000","Lenovo02\pages","Lenovo02\pages"
"3","1","18","MT","Big Sky Bonus","2024-04-14 11:39:23.843000000","2024-04-14 11:39:23.843000000","Lenovo02\pages","Lenovo02\pages"
"4","1","19","MD","Match 5","2024-04-14 11:39:23.843000000","2024-04-14 11:39:23.843000000","Lenovo02\pages","Lenovo02\pages"
"5","1","24","MD","Multi Match","2024-04-14 11:39:23.843000000","2024-04-14 11:39:23.843000000","Lenovo02\pages","Lenovo02\pages"
"6","1","25","MT","Montana Cash","2024-04-14 11:39:23.843000000","2024-04-14 11:39:23.843000000","Lenovo02\pages","Lenovo02\pages"
"7","1","26","WY","Cowboy Draw","2024-04-14 11:39:23.843000000","2024-04-14 11:39:23.843000000","Lenovo02\pages","Lenovo02\pages"
"8","1","27","VA","Bank a Million","2024-04-14 11:39:23.843000000","2024-04-14 11:39:23.843000000","Lenovo02\pages","Lenovo02\pages"
"9","1","28","VA","Cash 5","2024-04-14 11:39:23.843000000","2024-04-14 11:39:23.843000000","Lenovo02\pages","Lenovo02\pages"
"10","1","35","AZ","The Pick","2024-04-14 11:39:23.843000000","2024-04-14 11:39:23.843000000","Lenovo02\pages","Lenovo02\pages"
"11","1","36","AZ","Pick 3","2024-04-14 11:39:23.843000000","2024-04-14 11:39:23.843000000","Lenovo02\pages","Lenovo02\pages"
"12","1","38","AZ","Triple Twst","2024-04-14 11:39:23.843000000","2024-04-14 11:39:23.843000000","Lenovo02\pages","Lenovo02\pages"
"13","1","39","AR","Natural State","2024-04-14 11:39:23.843000000","2024-04-14 11:39:23.843000000","Lenovo02\pages","Lenovo02\pages"
"14","1","40","AR","Cash 3 Mid-Day","2024-04-14 11:39:23.843000000","2024-04-14 11:39:23.843000000","Lenovo02\pages","Lenovo02\pages"
"15","1","41","AR","Cash 3 Evening","2024-04-14 11:39:23.843000000","2024-04-14 11:39:23.843000000","Lenovo02\pages","Lenovo02\pages"
"16","1","42","AR","Cash 4 Mid-Day","2024-04-14 11:39:23.843000000","2024-04-14 11:39:23.843000000","Lenovo02\pages","Lenovo02\pages"
"17","1","43","AR","Cash 4 Evening","2024-04-14 11:39:23.843000000","2024-04-14 11:39:23.843000000","Lenovo02\pages","Lenovo02\pages"
"18","1","44","CA","SuperLotto","2024-04-14 11:39:23.843000000","2024-04-14 11:39:23.843000000","Lenovo02\pages","Lenovo02\pages"
"19","1","46","CA","Pick 4","2024-04-14 11:39:23.843000000","2024-04-14 11:39:23.843000000","Lenovo02\pages","Lenovo02\pages"
"20","1","49","CO","Lotto","2024-04-14 11:39:23.843000000","2024-04-14 11:39:23.843000000","Lenovo02\pages","Lenovo02\pages"
"21","1","55","CT","Play 3 Mid-Day","2024-04-14 11:39:23.843000000","2024-04-14 11:39:23.843000000","Lenovo02\pages","Lenovo02\pages"
"22","1","56","CT","Play 3 Evening","2024-04-14 11:39:23.843000000","2024-04-14 11:39:23.843000000","Lenovo02\pages","Lenovo02\pages"
"23","1","57","CT","Play 4 Mid-Day","2024-04-14 11:39:23.843000000","2024-04-14 11:39:23.843000000","Lenovo02\pages","Lenovo02\pages"
"24","1","58","CT","Play 4 Evening","2024-04-14 11:39:23.843000000","2024-04-14 11:39:23.843000000","Lenovo02\pages","Lenovo02\pages"
"25","1","59","CT","Lucky Links Mid-Day","2024-04-14 11:39:23.843000000","2024-04-14 11:39:23.843000000","Lenovo02\pages","Lenovo02\pages"
"26","1","60","CT","Lucky Links Evening","2024-04-14 11:39:23.843000000","2024-04-14 11:39:23.843000000","Lenovo02\pages","Lenovo02\pages"
"27","1","61","DE","Multi-Win Lotto","2024-04-14 11:39:23.843000000","2024-04-14 11:39:23.843000000","Lenovo02\pages","Lenovo02\pages"
"28","1","66","DC","Pick 2 Mid-Day","2024-04-14 11:39:23.843000000","2024-04-14 11:39:23.843000000","Lenovo02\pages","Lenovo02\pages"
"29","1","67","DC","Pick 2 Evening","2024-04-14 11:39:23.843000000","2024-04-14 11:39:23.843000000","Lenovo02\pages","Lenovo02\pages"
"30","1","72","DC","Pick 5 Mid-Day","2024-04-14 11:39:23.843000000","2024-04-14 11:39:23.843000000","Lenovo02\pages","Lenovo02\pages"
"31","1","73","DC","Pick 5 Evening","2024-04-14 11:39:23.843000000","2024-04-14 11:39:23.843000000","Lenovo02\pages","Lenovo02\pages"
"32","1","75","FL","Lotto Double Play","2024-04-14 11:39:23.843000000","2024-04-14 11:39:23.843000000","Lenovo02\pages","Lenovo02\pages"
"33","1","77","FL","Triple Play","2024-04-14 11:39:23.843000000","2024-04-14 11:39:23.843000000","Lenovo02\pages","Lenovo02\pages"
"34","1","88","GA","Pick 3 Night","2024-04-14 11:39:23.843000000","2024-04-14 11:39:23.843000000","Lenovo02\pages","Lenovo02\pages"
"35","1","91","GA","Pick 4 Night","2024-04-14 11:39:23.843000000","2024-04-14 11:39:23.843000000","Lenovo02\pages","Lenovo02\pages"
"36","1","93","GA","Five Mid-Day","2024-04-14 11:39:23.843000000","2024-04-14 11:39:23.843000000","Lenovo02\pages","Lenovo02\pages"
"37","1","94","GA","Five Evening","2024-04-14 11:39:23.843000000","2024-04-14 11:39:23.843000000","Lenovo02\pages","Lenovo02\pages"
"38","1","95","GA","Jumbo Bucks","2024-04-14 11:39:23.843000000","2024-04-14 11:39:23.843000000","Lenovo02\pages","Lenovo02\pages"
"39","1","96","ID","Cash","2024-04-14 11:39:23.843000000","2024-04-14 11:39:23.843000000","Lenovo02\pages","Lenovo02\pages"
"40","1","97","ID","5 Star Draw","2024-04-14 11:39:23.843000000","2024-04-14 11:39:23.843000000","Lenovo02\pages","Lenovo02\pages"
"41","1","98","ID","Weekly Grand","2024-04-14 11:39:23.843000000","2024-04-14 11:39:23.843000000","Lenovo02\pages","Lenovo02\pages"
"42","1","104","IL","Lucky Day Lotto Mid-Day","2024-04-14 11:39:23.843000000","2024-04-14 11:39:23.843000000","Lenovo02\pages","Lenovo02\pages"
"43","1","109","IL","Lucky Day Lotto Evening","2024-04-14 11:39:23.843000000","2024-04-14 11:39:23.843000000","Lenovo02\pages","Lenovo02\pages"
"44","1","110","IN","Hoosier Lotto","2024-04-14 11:39:23.843000000","2024-04-14 11:39:23.843000000","Lenovo02\pages","Lenovo02\pages"
"45","1","111","IN","Hoosier Lotto Plus","2024-04-14 11:39:23.843000000","2024-04-14 11:39:23.843000000","Lenovo02\pages","Lenovo02\pages"
"46","1","117","IN","Lucky 7","2024-04-14 11:39:23.843000000","2024-04-14 11:39:23.843000000","Lenovo02\pages","Lenovo02\pages"
"47","1","122","IL","Lotto Million 1","2024-04-14 11:39:23.843000000","2024-04-14 11:39:23.843000000","Lenovo02\pages","Lenovo02\pages"
"48","1","123","IL","Lotto Million 2","2024-04-14 11:39:23.843000000","2024-04-14 11:39:23.843000000","Lenovo02\pages","Lenovo02\pages"
"49","1","124","CO","Lotto Plus","2024-04-14 11:39:23.843000000","2024-04-14 11:39:23.843000000","Lenovo02\pages","Lenovo02\pages"
"50","1","125","KY","Cash Ball","2024-04-14 11:39:23.843000000","2024-04-14 11:39:23.843000000","Lenovo02\pages","Lenovo02\pages"
"51","1","132","LA","Easy 5","2024-04-14 11:39:23.843000000","2024-04-14 11:39:23.843000000","Lenovo02\pages","Lenovo02\pages"
"52","1","133","LA","Pick 5","2024-04-14 11:39:23.843000000","2024-04-14 11:39:23.843000000","Lenovo02\pages","Lenovo02\pages"
"53","1","138","MA","Numbers Mid-Day","2024-04-14 11:39:23.843000000","2024-04-14 11:39:23.843000000","Lenovo02\pages","Lenovo02\pages"
"54","1","139","MA","Numbers Evening","2024-04-14 11:39:23.843000000","2024-04-14 11:39:23.843000000","Lenovo02\pages","Lenovo02\pages"
"55","1","140","MS","Cash 3","2024-04-14 11:39:23.843000000","2024-04-14 11:39:23.843000000","Lenovo02\pages","Lenovo02\pages"
"56","1","141","MS","Cash 4","2024-04-14 11:39:23.843000000","2024-04-14 11:39:23.843000000","Lenovo02\pages","Lenovo02\pages"
"57","1","143","MN","Daily 3","2024-04-14 11:39:23.843000000","2024-04-14 11:39:23.843000000","Lenovo02\pages","Lenovo02\pages"
"58","1","144","MN","Northstar Cash","2024-04-14 11:39:23.843000000","2024-04-14 11:39:23.843000000","Lenovo02\pages","Lenovo02\pages"
"59","1","145","MD","Gopher 5","2024-04-14 11:39:23.843000000","2024-04-14 11:39:23.843000000","Lenovo02\pages","Lenovo02\pages"
"60","1","151","MO","Show Me Cash","2024-04-14 11:39:23.843000000","2024-04-14 11:39:23.843000000","Lenovo02\pages","Lenovo02\pages"
"61","1","153","NE","no","2024-04-14 11:39:23.843000000","2024-04-14 11:39:23.843000000","Lenovo02\pages","Lenovo02\pages"
"62","1","154","NE","MyDay","2024-04-14 11:39:23.843000000","2024-04-14 11:39:23.843000000","Lenovo02\pages","Lenovo02\pages"
"63","1","155","NJ","Pick 6","2024-04-14 11:39:23.843000000","2024-04-14 11:39:23.843000000","Lenovo02\pages","Lenovo02\pages"
"64","1","165","NM","Roadrunner Cash","2024-04-14 11:39:23.843000000","2024-04-14 11:39:23.843000000","Lenovo02\pages","Lenovo02\pages"
"65","1","167","NY","Win 4 Mid-Day","2024-04-14 11:39:23.843000000","2024-04-14 11:39:23.843000000","Lenovo02\pages","Lenovo02\pages"
"66","1","168","NY","Win 4 Evening","2024-04-14 11:39:23.843000000","2024-04-14 11:39:23.843000000","Lenovo02\pages","Lenovo02\pages"
"67","1","169","NY","Take 5 Mid-Day","2024-04-14 11:39:23.843000000","2024-04-14 11:39:23.843000000","Lenovo02\pages","Lenovo02\pages"
"68","1","170","NY","Take 5 Evening","2024-04-14 11:39:23.843000000","2024-04-14 11:39:23.843000000","Lenovo02\pages","Lenovo02\pages"
"69","1","173","NY","Pick 10","2024-04-14 11:39:23.843000000","2024-04-14 11:39:23.843000000","Lenovo02\pages","Lenovo02\pages"
"70","1","177","NC","Cash 5 Double Play","2024-04-14 11:39:23.843000000","2024-04-14 11:39:23.843000000","Lenovo02\pages","Lenovo02\pages"
"71","1","185","OH","Rolling Cash 5","2024-04-14 11:39:23.843000000","2024-04-14 11:39:23.843000000","Lenovo02\pages","Lenovo02\pages"
"72","1","190","OR","Win for Life","2024-04-14 11:39:23.843000000","2024-04-14 11:39:23.843000000","Lenovo02\pages","Lenovo02\pages"
"73","1","192","OR","Lucky Lines 7","2024-04-14 11:39:23.843000000","2024-04-14 11:39:23.843000000","Lenovo02\pages","Lenovo02\pages"
"74","1","193","OR","Pick 4 Early-Day","2024-04-14 11:39:23.843000000","2024-04-14 11:39:23.843000000","Lenovo02\pages","Lenovo02\pages"
"75","1","195","OR","Pick 4 Late-Day","2024-04-14 11:39:23.843000000","2024-04-14 11:39:23.843000000","Lenovo02\pages","Lenovo02\pages"
"76","1","207","PA","Treasure Hunt","2024-04-14 11:39:23.843000000","2024-04-14 11:39:23.843000000","Lenovo02\pages","Lenovo02\pages"
"77","1","208","RI","Wild Money","2024-04-14 11:39:23.843000000","2024-04-14 11:39:23.843000000","Lenovo02\pages","Lenovo02\pages"
"78","1","215","SC","Palmetto Cash 5","2024-04-14 11:39:23.843000000","2024-04-14 11:39:23.843000000","Lenovo02\pages","Lenovo02\pages"
"79","1","217","TN","Cash 3 Early","2024-04-14 11:39:23.843000000","2024-04-14 11:39:23.843000000","Lenovo02\pages","Lenovo02\pages"
"80","1","220","TN","Cash 4 Early","2024-04-14 11:39:23.843000000","2024-04-14 11:39:23.843000000","Lenovo02\pages","Lenovo02\pages"
"81","1","224","TX","Two Step","2024-04-14 11:39:23.843000000","2024-04-14 11:39:23.843000000","Lenovo02\pages","Lenovo02\pages"
"82","1","225","TX","All or Nothing Early","2024-04-14 11:39:23.843000000","2024-04-14 11:39:23.843000000","Lenovo02\pages","Lenovo02\pages"
"83","1","226","TX","All or Nothing Mid-Day","2024-04-14 11:39:23.843000000","2024-04-14 11:39:23.843000000","Lenovo02\pages","Lenovo02\pages"
"84","1","227","TX","All or Nothing Late-Day","2024-04-14 11:39:23.843000000","2024-04-14 11:39:23.843000000","Lenovo02\pages","Lenovo02\pages"
"85","1","228","TX","All or Nothing Evening","2024-04-14 11:39:23.843000000","2024-04-14 11:39:23.843000000","Lenovo02\pages","Lenovo02\pages"
"86","1","229","TX","Pick 3 Early","2024-04-14 11:39:23.843000000","2024-04-14 11:39:23.843000000","Lenovo02\pages","Lenovo02\pages"
"87","1","231","TX","Pick 3 Late-Day","2024-04-14 11:39:23.843000000","2024-04-14 11:39:23.843000000","Lenovo02\pages","Lenovo02\pages"
"88","1","233","TX","Pick 4 Early","2024-04-14 11:39:23.843000000","2024-04-14 11:39:23.843000000","Lenovo02\pages","Lenovo02\pages"
"89","1","239","WA","Hit 5","2024-04-14 11:39:23.843000000","2024-04-14 11:39:23.843000000","Lenovo02\pages","Lenovo02\pages"
"90","1","240","WA","Match 4","2024-04-14 11:39:23.843000000","2024-04-14 11:39:23.843000000","Lenovo02\pages","Lenovo02\pages"
"91","1","242","WV","Cash 25","2024-04-14 11:39:23.843000000","2024-04-14 11:39:23.843000000","Lenovo02\pages","Lenovo02\pages"
"92","1","244","WV","Daily 4","2024-04-14 11:39:23.843000000","2024-04-14 11:39:23.843000000","Lenovo02\pages","Lenovo02\pages"
"93","1","246","WI","Super Cash","2024-04-14 11:39:23.843000000","2024-04-14 11:39:23.843000000","Lenovo02\pages","Lenovo02\pages"
"94","1","251","WI","Badger 5","2024-04-14 11:39:23.843000000","2024-04-14 11:39:23.843000000","Lenovo02\pages","Lenovo02\pages"
"95","1","1","AR","PowerBall","2024-04-14 11:39:23.843000000","2024-04-14 11:39:23.843000000","Lenovo02\pages","Lenovo02\pages"
"96","1","1","AZ","PowerBall","2024-04-14 11:39:23.843000000","2024-04-14 11:39:23.843000000","Lenovo02\pages","Lenovo02\pages"
"97","1","1","CA","PowerBall","2024-04-14 11:39:23.843000000","2024-04-14 11:39:23.843000000","Lenovo02\pages","Lenovo02\pages"
"98","1","1","CO","PowerBall","2024-04-14 11:39:23.843000000","2024-04-14 11:39:23.843000000","Lenovo02\pages","Lenovo02\pages"
"99","1","1","CT","PowerBall","2024-04-14 11:39:23.843000000","2024-04-14 11:39:23.843000000","Lenovo02\pages","Lenovo02\pages"
"100","1","1","DC","PowerBall","2024-04-14 11:39:23.843000000","2024-04-14 11:39:23.843000000","Lenovo02\pages","Lenovo02\pages"
"101","1","1","DE","PowerBall","2024-04-14 11:39:23.843000000","2024-04-14 11:39:23.843000000","Lenovo02\pages","Lenovo02\pages"
"102","1","1","FL","PowerBall","2024-04-14 11:39:23.843000000","2024-04-14 11:39:23.843000000","Lenovo02\pages","Lenovo02\pages"
"103","1","1","GA","PowerBall","2024-04-14 11:39:23.843000000","2024-04-14 11:39:23.843000000","Lenovo02\pages","Lenovo02\pages"
"104","1","1","IA","PowerBall","2024-04-14 11:39:23.843000000","2024-04-14 11:39:23.843000000","Lenovo02\pages","Lenovo02\pages"
"105","1","1","ID","PowerBall","2024-04-14 11:39:23.843000000","2024-04-14 11:39:23.843000000","Lenovo02\pages","Lenovo02\pages"
"106","1","1","IL","PowerBall","2024-04-14 11:39:23.843000000","2024-04-14 11:39:23.843000000","Lenovo02\pages","Lenovo02\pages"
"107","1","1","IN","PowerBall","2024-04-14 11:39:23.843000000","2024-04-14 11:39:23.843000000","Lenovo02\pages","Lenovo02\pages"
"108","1","1","KS","PowerBall","2024-04-14 11:39:23.843000000","2024-04-14 11:39:23.843000000","Lenovo02\pages","Lenovo02\pages"
"109","1","1","KY","PowerBall","2024-04-14 11:39:23.843000000","2024-04-14 11:39:23.843000000","Lenovo02\pages","Lenovo02\pages"
"110","1","1","LA","PowerBall","2024-04-14 11:39:23.843000000","2024-04-14 11:39:23.843000000","Lenovo02\pages","Lenovo02\pages"
"111","1","1","MA","PowerBall","2024-04-14 11:39:23.843000000","2024-04-14 11:39:23.843000000","Lenovo02\pages","Lenovo02\pages"
"112","1","1","MD","PowerBall","2024-04-14 11:39:23.843000000","2024-04-14 11:39:23.843000000","Lenovo02\pages","Lenovo02\pages"
"113","1","1","ME","PowerBall","2024-04-14 11:39:23.843000000","2024-04-14 11:39:23.843000000","Lenovo02\pages","Lenovo02\pages"
"114","1","1","MI","PowerBall","2024-04-14 11:39:23.843000000","2024-04-14 11:39:23.843000000","Lenovo02\pages","Lenovo02\pages"
"115","1","1","MN","PowerBall","2024-04-14 11:39:23.843000000","2024-04-14 11:39:23.843000000","Lenovo02\pages","Lenovo02\pages"
"116","1","1","MO","PowerBall","2024-04-14 11:39:23.843000000","2024-04-14 11:39:23.843000000","Lenovo02\pages","Lenovo02\pages"
"117","1","1","MS","PowerBall","2024-04-14 11:39:23.843000000","2024-04-14 11:39:23.843000000","Lenovo02\pages","Lenovo02\pages"
"118","1","1","MT","PowerBall","2024-04-14 11:39:23.843000000","2024-04-14 11:39:23.843000000","Lenovo02\pages","Lenovo02\pages"
"119","1","1","NC","PowerBall","2024-04-14 11:39:23.843000000","2024-04-14 11:39:23.843000000","Lenovo02\pages","Lenovo02\pages"
"120","1","1","ND","PowerBall","2024-04-14 11:39:23.843000000","2024-04-14 11:39:23.843000000","Lenovo02\pages","Lenovo02\pages"
"121","1","1","NE","PowerBall","2024-04-14 11:39:23.843000000","2024-04-14 11:39:23.843000000","Lenovo02\pages","Lenovo02\pages"
"122","1","1","NH","PowerBall","2024-04-14 11:39:23.843000000","2024-04-14 11:39:23.843000000","Lenovo02\pages","Lenovo02\pages"
"123","1","1","NJ","PowerBall","2024-04-14 11:39:23.843000000","2024-04-14 11:39:23.843000000","Lenovo02\pages","Lenovo02\pages"
"124","1","1","NM","PowerBall","2024-04-14 11:39:23.843000000","2024-04-14 11:39:23.843000000","Lenovo02\pages","Lenovo02\pages"
"125","1","1","NY","PowerBall","2024-04-14 11:39:23.843000000","2024-04-14 11:39:23.843000000","Lenovo02\pages","Lenovo02\pages"
"126","1","1","OH","PowerBall","2024-04-14 11:39:23.843000000","2024-04-14 11:39:23.843000000","Lenovo02\pages","Lenovo02\pages"
"127","1","1","OK","PowerBall","2024-04-14 11:39:23.843000000","2024-04-14 11:39:23.843000000","Lenovo02\pages","Lenovo02\pages"
"128","1","1","OR","PowerBall","2024-04-14 11:39:23.843000000","2024-04-14 11:39:23.843000000","Lenovo02\pages","Lenovo02\pages"
"129","1","1","PA","PowerBall","2024-04-14 11:39:23.843000000","2024-04-14 11:39:23.843000000","Lenovo02\pages","Lenovo02\pages"
"130","1","1","PR","PowerBall","2024-04-14 11:39:23.843000000","2024-04-14 11:39:23.843000000","Lenovo02\pages","Lenovo02\pages"
"131","1","1","RI","PowerBall","2024-04-14 11:39:23.843000000","2024-04-14 11:39:23.843000000","Lenovo02\pages","Lenovo02\pages"
"132","1","1","SC","PowerBall","2024-04-14 11:39:23.843000000","2024-04-14 11:39:23.843000000","Lenovo02\pages","Lenovo02\pages"
"133","1","1","SD","PowerBall","2024-04-14 11:39:23.843000000","2024-04-14 11:39:23.843000000","Lenovo02\pages","Lenovo02\pages"
"134","1","1","TN","PowerBall","2024-04-14 11:39:23.843000000","2024-04-14 11:39:23.843000000","Lenovo02\pages","Lenovo02\pages"
"135","1","1","TX","PowerBall","2024-04-14 11:39:23.843000000","2024-04-14 11:39:23.843000000","Lenovo02\pages","Lenovo02\pages"
"136","1","1","VA","PowerBall","2024-04-14 11:39:23.843000000","2024-04-14 11:39:23.843000000","Lenovo02\pages","Lenovo02\pages"
"137","1","1","VI","PowerBall","2024-04-14 11:39:23.843000000","2024-04-14 11:39:23.843000000","Lenovo02\pages","Lenovo02\pages"
"138","1","1","VT","PowerBall","2024-04-14 11:39:23.843000000","2024-04-14 11:39:23.843000000","Lenovo02\pages","Lenovo02\pages"
"139","1","1","WA","PowerBall","2024-04-14 11:39:23.843000000","2024-04-14 11:39:23.843000000","Lenovo02\pages","Lenovo02\pages"
"140","1","1","WI","PowerBall","2024-04-14 11:39:23.843000000","2024-04-14 11:39:23.843000000","Lenovo02\pages","Lenovo02\pages"
"141","1","1","WV","PowerBall","2024-04-14 11:39:23.843000000","2024-04-14 11:39:23.843000000","Lenovo02\pages","Lenovo02\pages"
"142","1","1","WY","PowerBall","2024-04-14 11:39:23.843000000","2024-04-14 11:39:23.843000000","Lenovo02\pages","Lenovo02\pages"
"143","1","2","AR","Mega Millions","2024-04-14 11:39:23.843000000","2024-04-14 11:39:23.843000000","Lenovo02\pages","Lenovo02\pages"
"144","1","2","AZ","Mega Millions","2024-04-14 11:39:23.843000000","2024-04-14 11:39:23.843000000","Lenovo02\pages","Lenovo02\pages"
"145","1","2","CA","Mega Millions","2024-04-14 11:39:23.843000000","2024-04-14 11:39:23.843000000","Lenovo02\pages","Lenovo02\pages"
"146","1","2","CO","Mega Millions","2024-04-14 11:39:23.843000000","2024-04-14 11:39:23.843000000","Lenovo02\pages","Lenovo02\pages"
"147","1","2","CT","Mega Millions","2024-04-14 11:39:23.843000000","2024-04-14 11:39:23.843000000","Lenovo02\pages","Lenovo02\pages"
"148","1","2","DC","Mega Millions","2024-04-14 11:39:23.843000000","2024-04-14 11:39:23.843000000","Lenovo02\pages","Lenovo02\pages"
"149","1","2","DE","Mega Millions","2024-04-14 11:39:23.843000000","2024-04-14 11:39:23.843000000","Lenovo02\pages","Lenovo02\pages"
"150","1","2","FL","Mega Millions","2024-04-14 11:39:23.843000000","2024-04-14 11:39:23.843000000","Lenovo02\pages","Lenovo02\pages"
"151","1","2","GA","Mega Millions","2024-04-14 11:39:23.843000000","2024-04-14 11:39:23.843000000","Lenovo02\pages","Lenovo02\pages"
"152","1","2","IA","Mega Millions","2024-04-14 11:39:23.843000000","2024-04-14 11:39:23.843000000","Lenovo02\pages","Lenovo02\pages"
"153","1","2","ID","Mega Millions","2024-04-14 11:39:23.843000000","2024-04-14 11:39:23.843000000","Lenovo02\pages","Lenovo02\pages"
"154","1","2","IL","Mega Millions","2024-04-14 11:39:23.843000000","2024-04-14 11:39:23.843000000","Lenovo02\pages","Lenovo02\pages"
"155","1","2","IN","Mega Millions","2024-04-14 11:39:23.843000000","2024-04-14 11:39:23.843000000","Lenovo02\pages","Lenovo02\pages"
"156","1","2","KS","Mega Millions","2024-04-14 11:39:23.843000000","2024-04-14 11:39:23.843000000","Lenovo02\pages","Lenovo02\pages"
"157","1","2","KY","Mega Millions","2024-04-14 11:39:23.843000000","2024-04-14 11:39:23.843000000","Lenovo02\pages","Lenovo02\pages"
"158","1","2","LA","Mega Millions","2024-04-14 11:39:23.843000000","2024-04-14 11:39:23.843000000","Lenovo02\pages","Lenovo02\pages"
"159","1","2","MA","Mega Millions","2024-04-14 11:39:23.843000000","2024-04-14 11:39:23.843000000","Lenovo02\pages","Lenovo02\pages"
"160","1","2","MD","Mega Millions","2024-04-14 11:39:23.843000000","2024-04-14 11:39:23.843000000","Lenovo02\pages","Lenovo02\pages"
"161","1","2","ME","Mega Millions","2024-04-14 11:39:23.843000000","2024-04-14 11:39:23.843000000","Lenovo02\pages","Lenovo02\pages"
"162","1","2","MI","Mega Millions","2024-04-14 11:39:23.843000000","2024-04-14 11:39:23.843000000","Lenovo02\pages","Lenovo02\pages"
"163","1","2","MN","Mega Millions","2024-04-14 11:39:23.843000000","2024-04-14 11:39:23.843000000","Lenovo02\pages","Lenovo02\pages"
"164","1","2","MO","Mega Millions","2024-04-14 11:39:23.843000000","2024-04-14 11:39:23.843000000","Lenovo02\pages","Lenovo02\pages"
"165","1","2","MS","Mega Millions","2024-04-14 11:39:23.843000000","2024-04-14 11:39:23.843000000","Lenovo02\pages","Lenovo02\pages"
"166","1","2","MT","Mega Millions","2024-04-14 11:39:23.843000000","2024-04-14 11:39:23.843000000","Lenovo02\pages","Lenovo02\pages"
"167","1","2","NC","Mega Millions","2024-04-14 11:39:23.843000000","2024-04-14 11:39:23.843000000","Lenovo02\pages","Lenovo02\pages"
"168","1","2","ND","Mega Millions","2024-04-14 11:39:23.843000000","2024-04-14 11:39:23.843000000","Lenovo02\pages","Lenovo02\pages"
"169","1","2","NE","Mega Millions","2024-04-14 11:39:23.843000000","2024-04-14 11:39:23.843000000","Lenovo02\pages","Lenovo02\pages"
"170","1","2","NH","Mega Millions","2024-04-14 11:39:23.843000000","2024-04-14 11:39:23.843000000","Lenovo02\pages","Lenovo02\pages"
"171","1","2","NJ","Mega Millions","2024-04-14 11:39:23.843000000","2024-04-14 11:39:23.843000000","Lenovo02\pages","Lenovo02\pages"
"172","1","2","NM","Mega Millions","2024-04-14 11:39:23.843000000","2024-04-14 11:39:23.843000000","Lenovo02\pages","Lenovo02\pages"
"173","1","2","NY","Mega Millions","2024-04-14 11:39:23.843000000","2024-04-14 11:39:23.843000000","Lenovo02\pages","Lenovo02\pages"
"174","1","2","OH","Mega Millions","2024-04-14 11:39:23.843000000","2024-04-14 11:39:23.843000000","Lenovo02\pages","Lenovo02\pages"
"175","1","2","OK","Mega Millions","2024-04-14 11:39:23.843000000","2024-04-14 11:39:23.843000000","Lenovo02\pages","Lenovo02\pages"
"176","1","2","OR","Mega Millions","2024-04-14 11:39:23.843000000","2024-04-14 11:39:23.843000000","Lenovo02\pages","Lenovo02\pages"
"177","1","2","PA","Mega Millions","2024-04-14 11:39:23.843000000","2024-04-14 11:39:23.843000000","Lenovo02\pages","Lenovo02\pages"
"178","1","2","RI","Mega Millions","2024-04-14 11:39:23.843000000","2024-04-14 11:39:23.843000000","Lenovo02\pages","Lenovo02\pages"
"179","1","2","SC","Mega Millions","2024-04-14 11:39:23.843000000","2024-04-14 11:39:23.843000000","Lenovo02\pages","Lenovo02\pages"
"180","1","2","SD","Mega Millions","2024-04-14 11:39:23.843000000","2024-04-14 11:39:23.843000000","Lenovo02\pages","Lenovo02\pages"
"181","1","2","TN","Mega Millions","2024-04-14 11:39:23.843000000","2024-04-14 11:39:23.843000000","Lenovo02\pages","Lenovo02\pages"
"182","1","2","TX","Mega Millions","2024-04-14 11:39:23.843000000","2024-04-14 11:39:23.843000000","Lenovo02\pages","Lenovo02\pages"
"183","1","2","VA","Mega Millions","2024-04-14 11:39:23.843000000","2024-04-14 11:39:23.843000000","Lenovo02\pages","Lenovo02\pages"
"184","1","2","VI","Mega Millions","2024-04-14 11:39:23.843000000","2024-04-14 11:39:23.843000000","Lenovo02\pages","Lenovo02\pages"
"185","1","2","VT","Mega Millions","2024-04-14 11:39:23.843000000","2024-04-14 11:39:23.843000000","Lenovo02\pages","Lenovo02\pages"
"186","1","2","WA","Mega Millions","2024-04-14 11:39:23.843000000","2024-04-14 11:39:23.843000000","Lenovo02\pages","Lenovo02\pages"
"187","1","2","WI","Mega Millions","2024-04-14 11:39:23.843000000","2024-04-14 11:39:23.843000000","Lenovo02\pages","Lenovo02\pages"
"188","1","2","WV","Mega Millions","2024-04-14 11:39:23.843000000","2024-04-14 11:39:23.843000000","Lenovo02\pages","Lenovo02\pages"
"189","1","2","WY","Mega Millions","2024-04-14 11:39:23.843000000","2024-04-14 11:39:23.843000000","Lenovo02\pages","Lenovo02\pages"
"190","1","3","DE","Lotto America","2024-04-14 11:39:23.843000000","2024-04-14 11:39:23.843000000","Lenovo02\pages","Lenovo02\pages"
"191","1","3","IA","Lotto America","2024-04-14 11:39:23.843000000","2024-04-14 11:39:23.843000000","Lenovo02\pages","Lenovo02\pages"
"192","1","3","ID","Lotto America","2024-04-14 11:39:23.843000000","2024-04-14 11:39:23.843000000","Lenovo02\pages","Lenovo02\pages"
"193","1","3","KS","Lotto America","2024-04-14 11:39:23.843000000","2024-04-14 11:39:23.843000000","Lenovo02\pages","Lenovo02\pages"
"194","1","3","ME","Lotto America","2024-04-14 11:39:23.843000000","2024-04-14 11:39:23.843000000","Lenovo02\pages","Lenovo02\pages"
"195","1","3","MN","Lotto America","2024-04-14 11:39:23.843000000","2024-04-14 11:39:23.843000000","Lenovo02\pages","Lenovo02\pages"
"196","1","3","MT","Lotto America","2024-04-14 11:39:23.843000000","2024-04-14 11:39:23.843000000","Lenovo02\pages","Lenovo02\pages"
"197","1","3","ND","Lotto America","2024-04-14 11:39:23.843000000","2024-04-14 11:39:23.843000000","Lenovo02\pages","Lenovo02\pages"
"198","1","3","NM","Lotto America","2024-04-14 11:39:23.843000000","2024-04-14 11:39:23.843000000","Lenovo02\pages","Lenovo02\pages"
"199","1","3","OK","Lotto America","2024-04-14 11:39:23.843000000","2024-04-14 11:39:23.843000000","Lenovo02\pages","Lenovo02\pages"
"200","1","3","SD","Lotto America","2024-04-14 11:39:23.843000000","2024-04-14 11:39:23.843000000","Lenovo02\pages","Lenovo02\pages"
"201","1","3","TN","Lotto America","2024-04-14 11:39:23.843000000","2024-04-14 11:39:23.843000000","Lenovo02\pages","Lenovo02\pages"
"202","1","3","WV","Lotto America","2024-04-14 11:39:23.843000000","2024-04-14 11:39:23.843000000","Lenovo02\pages","Lenovo02\pages"
"203","1","4","ME","PowerBall Bonus Play","2024-04-14 11:39:23.843000000","2024-04-14 11:39:23.843000000","Lenovo02\pages","Lenovo02\pages"
"204","1","4","NH","PowerBall Bonus Play","2024-04-14 11:39:23.843000000","2024-04-14 11:39:23.843000000","Lenovo02\pages","Lenovo02\pages"
"205","1","4","VT","PowerBall Bonus Play","2024-04-14 11:39:23.843000000","2024-04-14 11:39:23.843000000","Lenovo02\pages","Lenovo02\pages"
"206","1","4","MA","PowerBall Bonus Play","2024-04-14 11:39:23.843000000","2024-04-14 11:39:23.843000000","Lenovo02\pages","Lenovo02\pages"
"207","1","4","RI","PowerBall Bonus Play","2024-04-14 11:39:23.843000000","2024-04-14 11:39:23.843000000","Lenovo02\pages","Lenovo02\pages"
"208","1","4","CT","PowerBall Bonus Play","2024-04-14 11:39:23.843000000","2024-04-14 11:39:23.843000000","Lenovo02\pages","Lenovo02\pages"
"209","1","4","DC","PowerBall Bonus Play","2024-04-14 11:39:23.843000000","2024-04-14 11:39:23.843000000","Lenovo02\pages","Lenovo02\pages"
"210","1","4","DE","PowerBall Bonus Play","2024-04-14 11:39:23.843000000","2024-04-14 11:39:23.843000000","Lenovo02\pages","Lenovo02\pages"
"211","1","4","NC","PowerBall Bonus Play","2024-04-14 11:39:23.843000000","2024-04-14 11:39:23.843000000","Lenovo02\pages","Lenovo02\pages"
"212","1","4","KY","PowerBall Bonus Play","2024-04-14 11:39:23.843000000","2024-04-14 11:39:23.843000000","Lenovo02\pages","Lenovo02\pages"
"213","1","4","OH","PowerBall Bonus Play","2024-04-14 11:39:23.843000000","2024-04-14 11:39:23.843000000","Lenovo02\pages","Lenovo02\pages"
"214","1","4","MI","PowerBall Bonus Play","2024-04-14 11:39:23.843000000","2024-04-14 11:39:23.843000000","Lenovo02\pages","Lenovo02\pages"
"215","1","4","IA","PowerBall Bonus Play","2024-04-14 11:39:23.843000000","2024-04-14 11:39:23.843000000","Lenovo02\pages","Lenovo02\pages"
"216","1","4","AR","PowerBall Bonus Play","2024-04-14 11:39:23.843000000","2024-04-14 11:39:23.843000000","Lenovo02\pages","Lenovo02\pages"
"217","1","4","OK","PowerBall Bonus Play","2024-04-14 11:39:23.843000000","2024-04-14 11:39:23.843000000","Lenovo02\pages","Lenovo02\pages"
"218","1","4","KS","PowerBall Bonus Play","2024-04-14 11:39:23.843000000","2024-04-14 11:39:23.843000000","Lenovo02\pages","Lenovo02\pages"
"219","1","4","NE","PowerBall Bonus Play","2024-04-14 11:39:23.843000000","2024-04-14 11:39:23.843000000","Lenovo02\pages","Lenovo02\pages"
"220","1","4","SD","PowerBall Bonus Play","2024-04-14 11:39:23.843000000","2024-04-14 11:39:23.843000000","Lenovo02\pages","Lenovo02\pages"
"221","1","4","ND","PowerBall Bonus Play","2024-04-14 11:39:23.843000000","2024-04-14 11:39:23.843000000","Lenovo02\pages","Lenovo02\pages"
"222","1","4","MT","PowerBall Bonus Play","2024-04-14 11:39:23.843000000","2024-04-14 11:39:23.843000000","Lenovo02\pages","Lenovo02\pages"
"223","1","4","WY","PowerBall Bonus Play","2024-04-14 11:39:23.843000000","2024-04-14 11:39:23.843000000","Lenovo02\pages","Lenovo02\pages"
"224","1","4","CO","PowerBall Bonus Play","2024-04-14 11:39:23.843000000","2024-04-14 11:39:23.843000000","Lenovo02\pages","Lenovo02\pages"
"225","1","4","ID","PowerBall Bonus Play","2024-04-14 11:39:23.843000000","2024-04-14 11:39:23.843000000","Lenovo02\pages","Lenovo02\pages"
"226","1","6","AZ","2 by 2","2024-04-14 11:39:23.843000000","2024-04-14 11:39:23.843000000","Lenovo02\pages","Lenovo02\pages"
"227","1","6","IA","2 by 2","2024-04-14 11:39:23.843000000","2024-04-14 11:39:23.843000000","Lenovo02\pages","Lenovo02\pages"
"228","1","6","ID","2 by 2","2024-04-14 11:39:23.843000000","2024-04-14 11:39:23.843000000","Lenovo02\pages","Lenovo02\pages"
"229","1","6","KS","2 by 2","2024-04-14 11:39:23.843000000","2024-04-14 11:39:23.843000000","Lenovo02\pages","Lenovo02\pages"
"230","1","6","MN","2 by 2","2024-04-14 11:39:23.843000000","2024-04-14 11:39:23.843000000","Lenovo02\pages","Lenovo02\pages"
"231","1","6","ND","2 by 2","2024-04-14 11:39:23.843000000","2024-04-14 11:39:23.843000000","Lenovo02\pages","Lenovo02\pages"
"232","1","6","NE","2 by 2","2024-04-14 11:39:23.843000000","2024-04-14 11:39:23.843000000","Lenovo02\pages","Lenovo02\pages"
"233","1","6","WY","2 by 2","2024-04-14 11:39:23.843000000","2024-04-14 11:39:23.843000000","Lenovo02\pages","Lenovo02\pages"
"234","1","7","FL","Cash 4 Life","2024-04-14 11:39:23.843000000","2024-04-14 11:39:23.843000000","Lenovo02\pages","Lenovo02\pages"
"235","1","7","GA","Cash 4 Life","2024-04-14 11:39:23.843000000","2024-04-14 11:39:23.843000000","Lenovo02\pages","Lenovo02\pages"
"236","1","7","IN","Cash 4 Life","2024-04-14 11:39:23.843000000","2024-04-14 11:39:23.843000000","Lenovo02\pages","Lenovo02\pages"
"237","1","7","MD","Cash 4 Life","2024-04-14 11:39:23.843000000","2024-04-14 11:39:23.843000000","Lenovo02\pages","Lenovo02\pages"
"238","1","7","MO","Cash 4 Life","2024-04-14 11:39:23.843000000","2024-04-14 11:39:23.843000000","Lenovo02\pages","Lenovo02\pages"
"239","1","7","NJ","Cash 4 Life","2024-04-14 11:39:23.843000000","2024-04-14 11:39:23.843000000","Lenovo02\pages","Lenovo02\pages"
"240","1","7","NY","Cash 4 Life","2024-04-14 11:39:23.843000000","2024-04-14 11:39:23.843000000","Lenovo02\pages","Lenovo02\pages"
"241","1","7","PA","Cash 4 Life","2024-04-14 11:39:23.843000000","2024-04-14 11:39:23.843000000","Lenovo02\pages","Lenovo02\pages"
"242","1","7","TN","Cash 4 Life","2024-04-14 11:39:23.843000000","2024-04-14 11:39:23.843000000","Lenovo02\pages","Lenovo02\pages"
"243","1","7","VA","Cash 4 Life","2024-04-14 11:39:23.843000000","2024-04-14 11:39:23.843000000","Lenovo02\pages","Lenovo02\pages"
"244","1","8","ME","Megabucks","2024-04-14 11:39:23.843000000","2024-04-14 11:39:23.843000000","Lenovo02\pages","Lenovo02\pages"
"245","1","8","NH","Megabucks","2024-04-14 11:39:23.843000000","2024-04-14 11:39:23.843000000","Lenovo02\pages","Lenovo02\pages"
"246","1","8","VT","Megabucks","2024-04-14 11:39:23.843000000","2024-04-14 11:39:23.843000000","Lenovo02\pages","Lenovo02\pages"
"247","1","9","ME","Gimme 5","2024-04-14 11:39:23.843000000","2024-04-14 11:39:23.843000000","Lenovo02\pages","Lenovo02\pages"
"248","1","9","NH","Gimme 5","2024-04-14 11:39:23.843000000","2024-04-14 11:39:23.843000000","Lenovo02\pages","Lenovo02\pages"
"249","1","9","VT","Gimme 5","2024-04-14 11:39:23.843000000","2024-04-14 11:39:23.843000000","Lenovo02\pages","Lenovo02\pages"
"250","1","10","ME","Pick 3 Mid-Day","2024-04-14 11:39:23.843000000","2024-04-14 11:39:23.843000000","Lenovo02\pages","Lenovo02\pages"
"251","1","10","NH","Pick 3 Mid-Day","2024-04-14 11:39:23.843000000","2024-04-14 11:39:23.843000000","Lenovo02\pages","Lenovo02\pages"
"252","1","10","VT","Pick 3 Mid-Day","2024-04-14 11:39:23.843000000","2024-04-14 11:39:23.843000000","Lenovo02\pages","Lenovo02\pages"
"253","1","11","ME","Pick 3 Evening","2024-04-14 11:39:23.843000000","2024-04-14 11:39:23.843000000","Lenovo02\pages","Lenovo02\pages"
"254","1","11","NH","Pick 3 Evening","2024-04-14 11:39:23.843000000","2024-04-14 11:39:23.843000000","Lenovo02\pages","Lenovo02\pages"
"255","1","11","VT","Pick 3 Evening","2024-04-14 11:39:23.843000000","2024-04-14 11:39:23.843000000","Lenovo02\pages","Lenovo02\pages"
"256","1","12","ME","Pick 4 Mid-Day","2024-04-14 11:39:23.843000000","2024-04-14 11:39:23.843000000","Lenovo02\pages","Lenovo02\pages"
"257","1","12","NH","Pick 4 Mid-Day","2024-04-14 11:39:23.843000000","2024-04-14 11:39:23.843000000","Lenovo02\pages","Lenovo02\pages"
"258","1","12","VT","Pick 4 Mid-Day","2024-04-14 11:39:23.843000000","2024-04-14 11:39:23.843000000","Lenovo02\pages","Lenovo02\pages"
"259","1","13","ME","Pick 4 Evening","2024-04-14 11:39:23.843000000","2024-04-14 11:39:23.843000000","Lenovo02\pages","Lenovo02\pages"
"260","1","13","NH","Pick 4 Evening","2024-04-14 11:39:23.843000000","2024-04-14 11:39:23.843000000","Lenovo02\pages","Lenovo02\pages"
"261","1","13","VT","Pick 4 Evening","2024-04-14 11:39:23.843000000","2024-04-14 11:39:23.843000000","Lenovo02\pages","Lenovo02\pages"
"262","1","5","AR","Lucky for Life","2024-04-14 11:39:23.843000000","2024-04-14 11:39:23.843000000","Lenovo02\pages","Lenovo02\pages"
"263","1","5","CO","Lucky for Life","2024-04-14 11:39:23.843000000","2024-04-14 11:39:23.843000000","Lenovo02\pages","Lenovo02\pages"
"264","1","5","CT","Lucky for Life","2024-04-14 11:39:23.843000000","2024-04-14 11:39:23.843000000","Lenovo02\pages","Lenovo02\pages"
"265","1","5","DE","Lucky for Life","2024-04-14 11:39:23.843000000","2024-04-14 11:39:23.843000000","Lenovo02\pages","Lenovo02\pages"
"266","1","5","DC","Lucky for Life","2024-04-14 11:39:23.843000000","2024-04-14 11:39:23.843000000","Lenovo02\pages","Lenovo02\pages"
"267","1","5","ID","Lucky for Life","2024-04-14 11:39:23.843000000","2024-04-14 11:39:23.843000000","Lenovo02\pages","Lenovo02\pages"
"268","1","5","IA","Lucky for Life","2024-04-14 11:39:23.843000000","2024-04-14 11:39:23.843000000","Lenovo02\pages","Lenovo02\pages"
"269","1","5","KS","Lucky for Life","2024-04-14 11:39:23.843000000","2024-04-14 11:39:23.843000000","Lenovo02\pages","Lenovo02\pages"
"270","1","5","KY","Lucky for Life","2024-04-14 11:39:23.843000000","2024-04-14 11:39:23.843000000","Lenovo02\pages","Lenovo02\pages"
"271","1","5","ME","Lucky for Life","2024-04-14 11:39:23.843000000","2024-04-14 11:39:23.843000000","Lenovo02\pages","Lenovo02\pages"
"272","1","5","MA","Lucky for Life","2024-04-14 11:39:23.843000000","2024-04-14 11:39:23.843000000","Lenovo02\pages","Lenovo02\pages"
"273","1","5","MI","Lucky for Life","2024-04-14 11:39:23.843000000","2024-04-14 11:39:23.843000000","Lenovo02\pages","Lenovo02\pages"
"274","1","5","MT","Lucky for Life","2024-04-14 11:39:23.843000000","2024-04-14 11:39:23.843000000","Lenovo02\pages","Lenovo02\pages"
"275","1","5","NE","Lucky for Life","2024-04-14 11:39:23.843000000","2024-04-14 11:39:23.843000000","Lenovo02\pages","Lenovo02\pages"
"276","1","5","NH","Lucky for Life","2024-04-14 11:39:23.843000000","2024-04-14 11:39:23.843000000","Lenovo02\pages","Lenovo02\pages"
"277","1","5","NC","Lucky for Life","2024-04-14 11:39:23.843000000","2024-04-14 11:39:23.843000000","Lenovo02\pages","Lenovo02\pages"
"278","1","5","ND","Lucky for Life","2024-04-14 11:39:23.843000000","2024-04-14 11:39:23.843000000","Lenovo02\pages","Lenovo02\pages"
"279","1","5","OH","Lucky for Life","2024-04-14 11:39:23.843000000","2024-04-14 11:39:23.843000000","Lenovo02\pages","Lenovo02\pages"
"280","1","5","OK","Lucky for Life","2024-04-14 11:39:23.843000000","2024-04-14 11:39:23.843000000","Lenovo02\pages","Lenovo02\pages"
"281","1","5","RI","Lucky for Life","2024-04-14 11:39:23.843000000","2024-04-14 11:39:23.843000000","Lenovo02\pages","Lenovo02\pages"
"282","1","260","OR","Lucky Lines 8","2024-04-14 11:39:23.843000000","2024-04-14 11:39:23.843000000","Lenovo02\pages","Lenovo02\pages"
"283","1","256","IN","Quick Draw Mid-Day","2024-04-14 11:39:23.843000000","2024-04-14 11:39:23.843000000","Lenovo02\pages","Lenovo02\pages"
"284","1","255","IN","Quick Draw Evening","2024-04-14 11:39:23.843000000","2024-04-14 11:39:23.843000000","Lenovo02\pages","Lenovo02\pages"
"285","1","126","KY","5 Card Cash","2024-04-14 11:39:23.843000000","2024-04-14 11:39:23.843000000","Lenovo02\pages","Lenovo02\pages"
"286","1","5","WY","Lucky for Life","2024-04-14 11:39:23.843000000","2024-04-14 11:39:23.843000000","Lenovo02\pages","Lenovo02\pages"
"287","1","5","VT","Lucky for Life","2024-04-14 11:39:23.843000000","2024-04-14 11:39:23.843000000","Lenovo02\pages","Lenovo02\pages"
"288","1","145","MN","Gopher 5","2024-04-14 11:39:23.843000000","2024-04-14 11:39:23.843000000","Lenovo02\pages","Lenovo02\pages"
